amount_requested,aadhaar_link_verified,multiple_claims,suspicious_ip_activity,category,scheme_name,category_type,aadhaar_number,income,is_fraud
5137,1,0,0,ST,Pre Matric Scholarship,Farmer,675870310267,188711,1
2315,1,1,0,ST,Post Matric Scholarship,Farmer,912279732310,39768,0
9380,0,0,0,OBC,Post Matric Scholarship,Worker,878960836258,90564,1
5467,1,1,0,General,Post Matric Scholarship,Student,158065227168,168092,1
4280,0,1,0,SC,Post Matric Scholarship,Pensioner,894726000729,122394,0
2870,0,1,0,VJNT,Pre Matric Scholarship,Worker,547451330662,88423,0
4125,0,1,0,SC,Post Matric Scholarship,Farmer,789093133377,117669,0
2962,1,1,0,VJNT,Other Scheme,Pensioner,249065707534,128519,1
5652,0,1,0,ST,Other Scheme,Farmer,746913119422,168247,1
686,1,1,0,ST,Other Scheme,Student,555604715971,122152,0
4950,1,0,1,ST,Post Matric Scholarship,Student,171163290080,160453,0
4805,1,1,0,General,Pre Matric Scholarship,Farmer,463652526334,138366,0
7729,0,1,0,SC,Post Matric Scholarship,Pensioner,661126440296,104086,1
5530,0,0,1,ST,Other Scheme,Student,348658362011,147918,1
4863,1,1,0,General,Pre Matric Scholarship,Worker,753229050886,198506,0
5367,0,0,0,ST,Post Matric Scholarship,Student,338160873973,187510,0
8960,0,1,0,OBC,Other Scheme,Student,984851478928,165537,1
3593,1,1,0,VJNT,Pre Matric Scholarship,Worker,962652240041,127262,0
4559,1,0,1,SC,Pre Matric Scholarship,Farmer,982522315694,120314,0
5053,0,0,0,VJNT,Post Matric Scholarship,Worker,849842638582,3840,1
9272,0,0,0,General,Pre Matric Scholarship,Student,875741549616,102095,0
9801,1,1,0,ST,Other Scheme,Worker,433263192717,179468,1
7035,0,0,0,SC,Post Matric Scholarship,Pensioner,375796546499,170876,0
2947,0,1,0,ST,Pre Matric Scholarship,Worker,889622981603,7463,1
4572,1,1,0,General,Post Matric Scholarship,Worker,912690699961,180280,0
3028,1,1,1,ST,Post Matric Scholarship,Student,345486698513,56870,1
8787,0,1,0,OBC,Post Matric Scholarship,Pensioner,327489064247,149991,1
9231,0,1,1,ST,Pre Matric Scholarship,Student,477043944698,103973,1
8434,1,0,0,OBC,Post Matric Scholarship,Student,375246291098,11230,0
2292,1,0,1,OBC,Other Scheme,Student,471523268417,105768,1
4648,0,1,1,VJNT,Pre Matric Scholarship,Farmer,140701996649,151983,1
8394,0,0,0,General,Pre Matric Scholarship,Worker,332853359551,172042,1
1868,0,1,0,OBC,Pre Matric Scholarship,Student,847050984637,100556,1
847,1,1,1,SC,Other Scheme,Farmer,430561856147,184569,0
8351,0,1,0,VJNT,Post Matric Scholarship,Farmer,417660840943,90136,0
9916,1,1,1,ST,Pre Matric Scholarship,Pensioner,373298325671,141135,0
3541,1,0,1,SC,Pre Matric Scholarship,Pensioner,865174185184,68443,1
2360,0,1,1,VJNT,Pre Matric Scholarship,Worker,842375979919,7794,0
4517,0,0,0,SC,Other Scheme,Student,688791156548,37534,0
9242,0,0,0,SC,Pre Matric Scholarship,Student,516557579214,78120,1
6968,0,1,1,ST,Pre Matric Scholarship,Pensioner,751562329186,38307,1
1823,1,1,1,ST,Pre Matric Scholarship,Worker,388368761669,74246,1
5110,0,0,0,VJNT,Other Scheme,Student,404021892701,165331,0
8281,0,0,1,VJNT,Post Matric Scholarship,Worker,748376650553,164873,0
1126,1,0,1,ST,Post Matric Scholarship,Student,562111117418,163806,1
6315,1,1,1,SC,Post Matric Scholarship,Pensioner,398566311891,168580,1
5188,1,0,1,General,Post Matric Scholarship,Farmer,488164093262,127395,0
1730,1,1,1,OBC,Pre Matric Scholarship,Worker,315187454210,152118,0
4615,0,1,0,ST,Post Matric Scholarship,Farmer,413603456419,5737,0
6629,0,1,1,OBC,Pre Matric Scholarship,Student,641958925746,103287,1
9807,0,0,1,SC,Pre Matric Scholarship,Farmer,192480968244,150652,0
2014,1,0,1,ST,Other Scheme,Student,203958366470,174408,0
8673,0,0,1,OBC,Pre Matric Scholarship,Student,852591747596,143585,0
3043,1,0,0,OBC,Other Scheme,Pensioner,535707118190,198149,0
4358,1,0,0,ST,Other Scheme,Worker,772607052335,136419,0
6512,1,0,0,General,Other Scheme,Farmer,157769667638,174869,1
456,0,1,1,OBC,Other Scheme,Student,367382215454,177244,0
6256,1,1,1,VJNT,Post Matric Scholarship,Pensioner,305456930184,112987,0
5910,0,1,0,General,Other Scheme,Worker,473394201330,116253,0
6545,1,0,1,VJNT,Post Matric Scholarship,Student,874239584855,31775,0
2463,1,1,1,General,Post Matric Scholarship,Farmer,297325751270,65838,1
3777,1,0,0,SC,Other Scheme,Student,982547007715,69949,0
9963,0,0,0,General,Other Scheme,Farmer,856877331165,36394,0
3104,1,1,0,OBC,Pre Matric Scholarship,Farmer,961327817267,126776,0
3416,0,0,0,ST,Pre Matric Scholarship,Student,955435223521,43178,0
1926,1,0,0,General,Post Matric Scholarship,Student,661925473477,184340,0
5005,1,0,0,General,Post Matric Scholarship,Student,847540310473,113728,0
7595,0,0,0,OBC,Post Matric Scholarship,Farmer,834777944292,77948,1
5790,0,1,1,SC,Post Matric Scholarship,Farmer,471974888500,176799,0
760,0,0,0,SC,Other Scheme,Worker,117788638887,131408,1
8783,0,0,0,VJNT,Other Scheme,Worker,206697676730,70696,0
8204,1,0,0,ST,Other Scheme,Student,722916810276,71770,1
4296,1,1,0,SC,Other Scheme,Worker,314642969550,172195,0
9096,1,0,0,ST,Post Matric Scholarship,Farmer,537774518288,195284,1
5846,1,1,0,VJNT,Other Scheme,Pensioner,778193509445,80644,1
827,1,0,1,SC,Pre Matric Scholarship,Farmer,670788978245,93672,0
9354,0,1,1,VJNT,Other Scheme,Student,936016461279,21694,0
7452,1,0,1,SC,Pre Matric Scholarship,Farmer,395274419252,60559,0
7088,1,0,0,VJNT,Post Matric Scholarship,Worker,201759744000,74518,1
295,1,1,1,ST,Other Scheme,Worker,466186493796,115198,0
6330,0,0,1,OBC,Post Matric Scholarship,Pensioner,677403842535,196899,0
7315,1,0,1,SC,Pre Matric Scholarship,Farmer,474497820010,123726,0
9945,1,1,1,ST,Other Scheme,Farmer,757462140808,154704,1
1739,1,0,1,OBC,Pre Matric Scholarship,Worker,267855021656,77970,0
8365,0,1,1,SC,Pre Matric Scholarship,Farmer,791208720774,87570,0
6726,1,1,0,VJNT,Post Matric Scholarship,Worker,994071720793,128686,0
3498,0,1,1,VJNT,Other Scheme,Student,430925028647,6708,1
7304,1,0,1,SC,Pre Matric Scholarship,Worker,713025714868,47339,1
4348,1,1,0,OBC,Post Matric Scholarship,Pensioner,782208907507,71552,1
2783,1,1,1,VJNT,Post Matric Scholarship,Farmer,271101271209,50190,0
3819,0,1,0,ST,Post Matric Scholarship,Pensioner,359475415605,144232,0
4832,1,1,0,ST,Other Scheme,Pensioner,774796109139,120795,1
6692,1,0,1,OBC,Other Scheme,Worker,819813434905,190081,0
2727,0,0,1,General,Other Scheme,Pensioner,627155371066,68500,0
223,0,0,0,VJNT,Post Matric Scholarship,Farmer,528691846550,124907,1
6466,1,1,0,ST,Post Matric Scholarship,Student,380234352836,164845,0
573,0,1,0,General,Post Matric Scholarship,Farmer,166311422989,197672,0
8744,0,1,0,General,Other Scheme,Student,355206883712,55696,0
9061,1,0,0,SC,Pre Matric Scholarship,Pensioner,859252357393,45497,1
7521,0,1,1,OBC,Pre Matric Scholarship,Pensioner,931783188063,137588,0
7685,1,1,0,General,Pre Matric Scholarship,Student,304678876749,61331,0
4557,1,0,0,ST,Post Matric Scholarship,Worker,552789882461,123803,0
6628,1,1,1,SC,Post Matric Scholarship,Worker,450925252799,21916,1
7292,1,0,0,SC,Pre Matric Scholarship,Student,643980409874,2274,0
1194,1,0,1,SC,Other Scheme,Pensioner,420252167080,194983,1
2302,1,0,1,General,Other Scheme,Student,596378683368,119355,0
6515,1,0,0,OBC,Other Scheme,Farmer,309525795939,35769,1
8558,1,1,1,VJNT,Pre Matric Scholarship,Pensioner,168858882446,190544,1
7752,1,1,1,OBC,Other Scheme,Student,790130329050,189406,0
9511,0,1,1,VJNT,Post Matric Scholarship,Student,435179183497,156778,0
6138,1,1,0,ST,Pre Matric Scholarship,Worker,568849123529,116423,1
518,0,0,1,ST,Other Scheme,Student,448503122441,82280,1
2447,1,1,1,SC,Pre Matric Scholarship,Student,186959033442,181477,0
3431,0,1,0,SC,Pre Matric Scholarship,Farmer,561156444773,141440,1
9421,1,0,1,General,Other Scheme,Farmer,252281184895,141521,0
5826,1,1,0,VJNT,Post Matric Scholarship,Student,753930023068,170450,1
6884,1,1,0,General,Other Scheme,Student,351389856270,138741,0
7975,0,0,1,OBC,Pre Matric Scholarship,Farmer,154861152196,133837,1
1595,1,1,0,VJNT,Pre Matric Scholarship,Farmer,400963474846,165185,1
9655,1,0,0,SC,Other Scheme,Pensioner,397193861324,142032,1
8701,0,0,1,General,Other Scheme,Worker,661480560962,11045,0
4811,1,0,0,SC,Post Matric Scholarship,Farmer,567890964778,14129,0
928,0,1,1,OBC,Post Matric Scholarship,Pensioner,113707993112,62835,1
4524,0,1,1,OBC,Post Matric Scholarship,Pensioner,887854364310,124366,0
5129,0,0,0,SC,Other Scheme,Student,900262007265,183877,1
1180,1,1,1,SC,Post Matric Scholarship,Farmer,101711535252,14025,0
2700,1,1,0,ST,Post Matric Scholarship,Farmer,572491501333,65363,0
7893,1,0,1,General,Post Matric Scholarship,Pensioner,684971691856,4789,1
4387,1,1,1,ST,Post Matric Scholarship,Worker,132672416298,14763,0
1230,1,1,0,VJNT,Post Matric Scholarship,Worker,511335842995,45732,1
1263,0,1,1,VJNT,Pre Matric Scholarship,Worker,359628651224,19044,1
6342,0,1,0,VJNT,Other Scheme,Pensioner,432214086535,28001,0
3133,0,1,1,General,Pre Matric Scholarship,Student,134786986794,160732,1
3059,0,0,0,VJNT,Pre Matric Scholarship,Farmer,561148284017,199019,0
4123,1,1,1,OBC,Other Scheme,Farmer,820955898900,191039,1
2822,1,0,0,SC,Post Matric Scholarship,Student,906783939296,107566,1
4164,1,0,1,General,Pre Matric Scholarship,Pensioner,976394516760,73537,0
1267,0,1,1,OBC,Other Scheme,Farmer,122007044045,168909,0
2023,0,0,1,VJNT,Pre Matric Scholarship,Worker,268298643426,134399,0
8831,1,1,0,OBC,Other Scheme,Worker,129557408452,185085,1
2884,1,1,1,General,Post Matric Scholarship,Farmer,104314106651,113452,1
8902,0,0,0,SC,Pre Matric Scholarship,Student,671744903893,109467,1
4460,1,1,1,VJNT,Post Matric Scholarship,Farmer,699361116897,34109,1
4992,0,1,0,SC,Pre Matric Scholarship,Pensioner,963587528104,179347,1
2177,1,0,1,General,Pre Matric Scholarship,Student,962660060631,130225,0
9570,1,0,0,OBC,Pre Matric Scholarship,Student,554515699101,11351,0
4732,1,1,0,SC,Other Scheme,Pensioner,781726555355,134791,0
583,0,0,0,VJNT,Post Matric Scholarship,Student,547346701932,195261,1
6213,1,0,0,ST,Other Scheme,Pensioner,935062864948,126105,0
7818,0,1,1,OBC,Pre Matric Scholarship,Student,132400748121,119816,1
5157,1,0,1,OBC,Pre Matric Scholarship,Farmer,802527350392,186283,1
9150,1,0,0,ST,Other Scheme,Student,594946793967,53640,1
8217,1,1,1,OBC,Pre Matric Scholarship,Farmer,781609352328,29432,0
2521,1,1,0,SC,Other Scheme,Worker,721823343318,130561,0
1470,1,1,0,VJNT,Pre Matric Scholarship,Student,801399019275,188792,0
3089,0,1,1,VJNT,Other Scheme,Student,481058139575,113125,1
1107,0,1,0,SC,Post Matric Scholarship,Pensioner,886593852761,67302,1
3089,0,0,1,OBC,Pre Matric Scholarship,Student,230330585252,58813,0
8092,1,0,1,OBC,Other Scheme,Farmer,964053081850,177191,1
831,1,0,0,General,Post Matric Scholarship,Farmer,250750510283,75566,1
8292,0,1,0,OBC,Other Scheme,Student,756866743389,115958,0
6924,0,1,0,VJNT,Pre Matric Scholarship,Student,515200768458,44305,1
6063,0,0,0,VJNT,Pre Matric Scholarship,Student,609288298322,102589,1
5724,1,1,0,OBC,Post Matric Scholarship,Farmer,939686657596,10096,1
3805,0,0,0,VJNT,Post Matric Scholarship,Worker,906280535884,51268,0
9963,1,0,1,General,Post Matric Scholarship,Farmer,323324409772,180208,0
8549,0,0,1,VJNT,Post Matric Scholarship,Farmer,552094257071,140810,0
6910,1,1,1,OBC,Post Matric Scholarship,Pensioner,634767641944,73406,0
3524,1,0,0,OBC,Post Matric Scholarship,Farmer,564679117793,63758,1
7668,0,0,1,OBC,Other Scheme,Farmer,465761800073,65686,0
5981,1,1,1,ST,Pre Matric Scholarship,Pensioner,947993408096,81665,0
6535,1,1,1,VJNT,Pre Matric Scholarship,Farmer,337843779187,152773,1
6262,1,0,0,SC,Other Scheme,Worker,809568999992,5351,0
6850,0,0,0,General,Post Matric Scholarship,Farmer,913277212872,91368,1
1146,0,0,1,VJNT,Pre Matric Scholarship,Student,572584250319,159009,1
7937,1,1,0,SC,Pre Matric Scholarship,Farmer,146318605834,60614,0
9782,1,0,0,General,Pre Matric Scholarship,Pensioner,959533659103,91381,0
6167,0,1,0,SC,Other Scheme,Farmer,482935674799,47301,0
2257,1,0,0,OBC,Pre Matric Scholarship,Student,794605230807,107149,1
261,0,0,0,OBC,Pre Matric Scholarship,Worker,651339767004,192110,1
669,0,0,0,SC,Other Scheme,Farmer,879648504266,29420,1
236,1,1,1,ST,Other Scheme,Pensioner,465447185675,116517,1
7366,1,0,0,General,Post Matric Scholarship,Worker,108836103188,113300,0
9192,1,0,0,General,Pre Matric Scholarship,Worker,292263619980,12428,0
8334,0,0,1,SC,Pre Matric Scholarship,Student,343987689798,167137,0
1833,0,1,0,OBC,Other Scheme,Student,417520818696,31094,1
829,0,0,0,SC,Post Matric Scholarship,Worker,318345043359,30946,0
3141,1,0,1,ST,Pre Matric Scholarship,Farmer,682581256485,139723,1
7167,1,1,1,SC,Other Scheme,Pensioner,106858975009,86046,0
3869,0,1,1,General,Post Matric Scholarship,Pensioner,633090440114,117448,0
2383,1,0,1,OBC,Post Matric Scholarship,Worker,842829055054,196936,0
8654,0,0,1,ST,Other Scheme,Pensioner,768634185818,8700,0
8095,1,1,0,General,Post Matric Scholarship,Pensioner,394761656491,14933,1
1415,1,1,0,OBC,Other Scheme,Farmer,656407915792,25860,0
2158,1,1,1,SC,Other Scheme,Farmer,178546099911,154771,0
2811,0,0,1,VJNT,Other Scheme,Student,268086419359,173104,1
8520,0,0,1,General,Other Scheme,Pensioner,454466153859,4988,0
7798,0,0,1,ST,Pre Matric Scholarship,Farmer,579000831778,113178,1
3336,1,1,1,ST,Post Matric Scholarship,Pensioner,504226188914,178386,0
2015,0,0,0,SC,Post Matric Scholarship,Student,995655992672,48080,1
4510,1,0,1,OBC,Other Scheme,Worker,726071208567,44791,0
7521,1,1,1,General,Other Scheme,Pensioner,217432965807,174131,0
6715,0,1,0,ST,Post Matric Scholarship,Student,913255528871,28630,1
9334,1,0,0,ST,Post Matric Scholarship,Student,450734701955,148594,1
920,1,1,1,ST,Post Matric Scholarship,Student,639511933715,24169,0
2346,1,0,1,General,Post Matric Scholarship,Worker,187345567565,33166,1
9286,0,1,1,OBC,Post Matric Scholarship,Student,954952744496,79197,0
9192,1,1,1,General,Post Matric Scholarship,Worker,285810011234,100172,1
5719,1,0,0,VJNT,Other Scheme,Farmer,970060668819,44939,0
3545,1,1,0,General,Pre Matric Scholarship,Worker,912672512922,143540,0
7654,1,0,1,SC,Post Matric Scholarship,Pensioner,241743894482,91051,0
6588,0,0,0,ST,Post Matric Scholarship,Worker,166271256163,198132,0
8836,0,1,1,ST,Post Matric Scholarship,Worker,304836054107,147249,0
3654,1,1,0,General,Other Scheme,Student,453106954380,108630,1
6614,1,1,1,General,Pre Matric Scholarship,Worker,627405556897,47756,0
2467,1,1,1,General,Post Matric Scholarship,Student,868794999591,93887,0
4058,0,1,0,ST,Other Scheme,Pensioner,672376037414,87835,0
9314,1,0,1,SC,Pre Matric Scholarship,Farmer,882312703402,159257,1
3820,1,0,1,OBC,Pre Matric Scholarship,Student,581734574849,92850,1
9898,0,0,1,SC,Pre Matric Scholarship,Worker,104663146328,98660,0
1821,0,1,0,SC,Pre Matric Scholarship,Student,790729489084,1838,1
1275,1,0,0,OBC,Pre Matric Scholarship,Pensioner,770386871733,179671,0
9243,0,0,0,SC,Post Matric Scholarship,Farmer,570255744777,58826,1
3640,0,0,1,General,Pre Matric Scholarship,Student,997205020591,135073,0
920,0,1,0,SC,Post Matric Scholarship,Farmer,708143486881,44173,0
5435,1,0,0,VJNT,Other Scheme,Student,169097959615,40286,0
8311,0,1,0,OBC,Pre Matric Scholarship,Worker,743917922514,92343,1
8906,1,0,1,SC,Pre Matric Scholarship,Worker,984017770041,25664,1
6137,1,1,0,OBC,Post Matric Scholarship,Worker,706113622349,38115,1
5852,0,0,1,OBC,Other Scheme,Pensioner,822566758379,124136,0
4662,0,1,0,ST,Other Scheme,Worker,302999213080,38204,0
6109,1,1,0,ST,Pre Matric Scholarship,Farmer,538400167097,48039,1
2528,1,0,0,General,Pre Matric Scholarship,Student,194489002536,139415,1
602,1,1,1,VJNT,Other Scheme,Pensioner,360116762388,182964,1
2941,0,1,0,SC,Pre Matric Scholarship,Pensioner,818810842590,59659,1
9298,0,0,1,VJNT,Pre Matric Scholarship,Pensioner,278685664783,171196,1
6246,1,0,0,OBC,Post Matric Scholarship,Pensioner,953390180857,30322,0
8941,1,1,0,SC,Post Matric Scholarship,Student,879501700290,95087,0
3752,0,0,0,SC,Post Matric Scholarship,Student,760225613751,14872,1
1042,1,1,0,ST,Post Matric Scholarship,Farmer,686077625730,150232,0
2281,1,1,1,General,Other Scheme,Farmer,329317813676,70881,1
2499,0,1,1,General,Post Matric Scholarship,Pensioner,241206041882,30488,0
5238,0,1,1,General,Other Scheme,Farmer,663297163303,24801,0
355,1,0,0,SC,Other Scheme,Farmer,604732329592,196724,0
6229,0,0,0,VJNT,Other Scheme,Worker,730340041311,65728,1
3692,1,0,1,SC,Post Matric Scholarship,Worker,876515285255,171909,0
9222,1,1,1,ST,Post Matric Scholarship,Pensioner,641660049777,139327,1
4169,0,0,1,VJNT,Pre Matric Scholarship,Worker,925819859876,25450,1
1911,0,0,0,General,Pre Matric Scholarship,Student,231754759034,42244,0
7715,0,0,0,VJNT,Other Scheme,Farmer,718408843179,92093,0
267,0,1,1,VJNT,Post Matric Scholarship,Farmer,466401731107,103311,1
5519,1,1,0,General,Pre Matric Scholarship,Student,167410157900,169523,0
5061,1,0,1,ST,Other Scheme,Worker,165989528802,104264,0
72,1,0,1,SC,Pre Matric Scholarship,Student,282556729112,24412,0
5027,1,0,1,SC,Post Matric Scholarship,Worker,439059528212,187878,0
6644,0,0,0,SC,Other Scheme,Worker,545981924192,130263,1
6862,0,0,1,ST,Pre Matric Scholarship,Pensioner,929300021825,146510,0
6659,0,1,1,VJNT,Post Matric Scholarship,Student,405442452879,196135,1
1377,0,0,1,General,Post Matric Scholarship,Student,714980126571,128658,0
8738,0,0,1,ST,Post Matric Scholarship,Pensioner,112150301494,166711,1
8610,0,0,1,SC,Other Scheme,Farmer,578733141272,20791,0
246,0,0,0,SC,Post Matric Scholarship,Farmer,303819381078,148808,1
5538,1,1,0,VJNT,Other Scheme,Pensioner,168081023087,103636,1
1964,1,1,0,ST,Other Scheme,Pensioner,162983830430,124181,1
2283,1,0,0,ST,Other Scheme,Pensioner,205768195694,140587,0
5864,1,1,0,ST,Pre Matric Scholarship,Worker,661950872912,16519,0
1858,1,0,1,General,Other Scheme,Pensioner,256608013993,65847,1
8364,0,1,0,VJNT,Other Scheme,Farmer,611399046835,58117,1
3996,1,0,0,SC,Other Scheme,Pensioner,809510275930,110545,1
896,0,1,0,OBC,Other Scheme,Pensioner,327267031771,125815,1
8112,1,1,0,SC,Pre Matric Scholarship,Student,233384231424,122105,1
9381,0,1,0,VJNT,Other Scheme,Farmer,877662339133,187160,0
5687,1,1,0,OBC,Other Scheme,Farmer,136936842642,13841,0
3271,1,0,0,SC,Pre Matric Scholarship,Farmer,872059834885,96900,0
8510,1,1,0,General,Post Matric Scholarship,Farmer,341189916241,142470,0
9534,0,0,1,ST,Other Scheme,Pensioner,778970613757,103650,1
7357,1,0,1,ST,Post Matric Scholarship,Student,864210422338,27308,0
6827,1,1,0,ST,Other Scheme,Farmer,314053072146,180956,1
6588,0,0,0,OBC,Other Scheme,Worker,496888542197,189003,0
1365,0,0,1,ST,Post Matric Scholarship,Farmer,127568856368,50349,1
5247,0,1,0,General,Other Scheme,Pensioner,559744497820,130140,1
3395,1,0,1,OBC,Other Scheme,Pensioner,416914534816,82854,0
8970,1,1,0,VJNT,Other Scheme,Student,948680451606,88754,0
3292,0,1,1,General,Other Scheme,Pensioner,237884502886,13495,0
6933,1,1,0,OBC,Pre Matric Scholarship,Worker,636350130933,111224,0
559,1,1,1,ST,Pre Matric Scholarship,Farmer,484245150551,36747,0
6102,1,1,1,SC,Pre Matric Scholarship,Pensioner,674321310424,38759,1
1098,0,1,0,ST,Post Matric Scholarship,Farmer,180636487964,176363,1
7391,0,0,1,SC,Post Matric Scholarship,Pensioner,103181864583,49428,1
5296,1,0,0,SC,Pre Matric Scholarship,Farmer,680453860798,165695,0
676,0,0,1,VJNT,Post Matric Scholarship,Pensioner,790602395519,88779,1
3733,1,0,1,General,Pre Matric Scholarship,Farmer,333239307302,146361,0
1729,0,0,0,ST,Other Scheme,Pensioner,286067036206,79265,0
8620,1,1,0,ST,Post Matric Scholarship,Pensioner,392468877736,180972,0
6343,1,0,0,VJNT,Pre Matric Scholarship,Pensioner,151914442814,166727,1
3205,0,0,0,SC,Post Matric Scholarship,Student,308887807644,189960,1
1158,0,0,1,OBC,Pre Matric Scholarship,Student,131870872065,17934,1
4794,1,0,0,OBC,Post Matric Scholarship,Student,954510238386,32461,1
8051,0,0,0,ST,Pre Matric Scholarship,Student,999191982192,162025,0
5084,1,1,1,SC,Post Matric Scholarship,Pensioner,754457700915,49462,0
2065,1,1,1,SC,Other Scheme,Farmer,386593261787,32703,1
5079,0,1,0,OBC,Other Scheme,Farmer,233171526176,155194,1
4334,1,0,1,OBC,Pre Matric Scholarship,Pensioner,132864333658,68239,1
6205,0,0,1,General,Other Scheme,Student,796580251320,185832,1
3753,0,1,1,VJNT,Pre Matric Scholarship,Student,844933266813,358,0
8389,0,0,1,General,Pre Matric Scholarship,Pensioner,925365337836,55502,1
7831,0,1,0,VJNT,Other Scheme,Pensioner,918566950373,43648,1
5592,1,0,1,ST,Post Matric Scholarship,Student,770764896154,92191,0
3273,1,1,0,SC,Other Scheme,Farmer,645135624677,44893,0
7757,1,0,0,SC,Post Matric Scholarship,Farmer,743743006044,114194,0
3446,0,1,0,SC,Post Matric Scholarship,Worker,850714789507,147306,0
3970,0,1,0,OBC,Other Scheme,Pensioner,925712928730,144299,1
4054,0,1,1,ST,Post Matric Scholarship,Worker,760551853400,92364,1
3044,1,1,1,General,Post Matric Scholarship,Pensioner,770710111642,153549,1
9434,0,0,0,OBC,Pre Matric Scholarship,Farmer,802725165679,156184,1
1889,1,0,1,OBC,Other Scheme,Student,312870905913,22690,0
2686,1,1,0,ST,Post Matric Scholarship,Pensioner,861926300194,143777,1
7219,1,0,1,General,Pre Matric Scholarship,Pensioner,343756242873,58750,1
9788,0,0,0,General,Pre Matric Scholarship,Worker,634051761275,117047,1
6013,0,0,1,VJNT,Pre Matric Scholarship,Worker,277619249875,47133,1
3922,1,1,1,VJNT,Other Scheme,Student,311785101589,139186,0
1995,1,0,0,ST,Post Matric Scholarship,Pensioner,541618229347,108760,1
1608,1,0,1,VJNT,Pre Matric Scholarship,Student,788351752292,61880,0
4692,0,1,0,OBC,Post Matric Scholarship,Student,696427572719,28409,1
5505,0,0,1,SC,Other Scheme,Worker,757982368780,32126,0
9934,1,0,1,SC,Other Scheme,Farmer,519219643926,39962,0
8800,1,1,1,OBC,Other Scheme,Student,924190456959,104610,0
3215,0,1,0,General,Other Scheme,Worker,811410142103,132908,1
8698,1,0,0,OBC,Post Matric Scholarship,Farmer,299905529369,152423,0
784,0,0,0,General,Other Scheme,Pensioner,715001558059,199267,1
5408,0,1,0,VJNT,Pre Matric Scholarship,Farmer,815321483362,156479,1
6269,0,0,0,VJNT,Pre Matric Scholarship,Student,642490510141,106866,0
31,0,1,1,ST,Post Matric Scholarship,Worker,427260453321,109138,1
699,0,1,0,General,Other Scheme,Student,757222625808,46229,1
7503,0,1,1,OBC,Post Matric Scholarship,Pensioner,266904411524,124033,0
4536,0,1,0,OBC,Post Matric Scholarship,Student,689320114037,131909,0
5811,0,1,1,General,Pre Matric Scholarship,Farmer,238593947376,30185,1
324,1,0,0,OBC,Other Scheme,Student,836897907134,3943,0
9838,0,1,0,VJNT,Other Scheme,Student,416079134295,67368,1
516,1,1,1,ST,Other Scheme,Farmer,319926834486,6313,0
434,1,0,0,OBC,Pre Matric Scholarship,Worker,122779871837,143238,1
4442,0,0,1,SC,Post Matric Scholarship,Pensioner,787668610339,53810,0
9803,1,0,0,General,Pre Matric Scholarship,Pensioner,651802576429,199025,0
529,0,0,0,OBC,Other Scheme,Pensioner,654489516385,126260,0
318,0,0,1,General,Post Matric Scholarship,Farmer,322997236002,192493,0
4714,0,0,0,SC,Pre Matric Scholarship,Worker,948588154329,6442,1
97,0,0,1,OBC,Other Scheme,Student,337354541859,173631,1
99,0,1,0,VJNT,Post Matric Scholarship,Worker,538321785916,4983,1
9292,0,0,0,SC,Pre Matric Scholarship,Student,750667327232,27596,0
3356,1,0,1,OBC,Pre Matric Scholarship,Student,564262521259,79838,1
333,1,1,0,SC,Pre Matric Scholarship,Farmer,382828568533,170604,1
434,0,1,1,ST,Other Scheme,Pensioner,329930404293,129623,0
1433,0,1,0,SC,Pre Matric Scholarship,Worker,872887853993,23227,0
5892,1,1,1,General,Other Scheme,Farmer,783256298183,135964,0
4879,0,1,0,SC,Post Matric Scholarship,Student,340478642786,87480,0
4955,1,0,1,SC,Pre Matric Scholarship,Worker,439833674954,198420,1
2947,0,1,0,General,Pre Matric Scholarship,Pensioner,469060136993,6962,1
8020,1,0,0,VJNT,Post Matric Scholarship,Worker,169828107960,159953,0
4747,0,1,0,ST,Other Scheme,Student,954830364444,3190,1
5102,1,1,0,VJNT,Post Matric Scholarship,Worker,644097955929,65631,1
3124,0,0,0,SC,Post Matric Scholarship,Farmer,161986090006,131342,1
9147,1,0,0,ST,Other Scheme,Student,632647273320,124886,1
5007,1,0,1,OBC,Pre Matric Scholarship,Pensioner,574884814458,47214,0
8277,0,0,1,General,Other Scheme,Farmer,747831354659,173879,1
9282,0,1,1,SC,Post Matric Scholarship,Farmer,718028295019,39211,1
5876,0,0,0,VJNT,Post Matric Scholarship,Farmer,347523935910,192324,0
9980,1,1,0,ST,Other Scheme,Worker,389207773900,85277,1
370,1,0,1,VJNT,Post Matric Scholarship,Worker,827366882707,14493,0
8551,1,1,1,ST,Pre Matric Scholarship,Student,586533109135,166984,0
4863,0,1,0,SC,Post Matric Scholarship,Student,691020113214,192275,1
4214,0,1,1,General,Other Scheme,Pensioner,717507244892,168418,1
8456,1,0,0,General,Other Scheme,Student,360883161336,58836,1
8396,1,1,1,General,Pre Matric Scholarship,Farmer,250155909203,86197,0
5086,0,0,1,SC,Post Matric Scholarship,Farmer,223873264413,81883,1
9993,0,1,1,ST,Pre Matric Scholarship,Farmer,952348598707,147250,0
6444,0,1,1,General,Other Scheme,Farmer,991163318866,189494,1
7082,0,1,0,VJNT,Pre Matric Scholarship,Student,106536459559,172072,1
1585,1,0,1,ST,Pre Matric Scholarship,Student,428448896616,19809,0
4557,1,1,1,VJNT,Other Scheme,Farmer,772262162030,156457,0
1794,0,0,0,VJNT,Post Matric Scholarship,Student,773401215760,121944,0
5854,0,1,1,General,Pre Matric Scholarship,Farmer,820417553957,35044,1
2654,0,1,0,OBC,Other Scheme,Farmer,290328151285,64905,1
6969,1,0,0,VJNT,Other Scheme,Student,327291818850,198299,1
6321,0,1,1,ST,Other Scheme,Farmer,657121961827,188609,1
9638,1,1,0,SC,Pre Matric Scholarship,Farmer,891141910658,149059,0
1017,1,1,1,General,Post Matric Scholarship,Pensioner,298176375547,148518,0
640,0,0,1,General,Other Scheme,Worker,989667444139,152731,0
340,0,0,1,SC,Other Scheme,Pensioner,179084789601,80596,0
7661,1,0,0,OBC,Pre Matric Scholarship,Pensioner,580665931751,173390,1
4288,1,0,0,ST,Pre Matric Scholarship,Worker,243515622800,90569,0
6320,0,0,1,ST,Post Matric Scholarship,Worker,903381198382,191517,0
4478,0,0,1,ST,Pre Matric Scholarship,Farmer,643589965926,178449,1
60,0,1,1,SC,Post Matric Scholarship,Farmer,418726131892,68279,0
1614,0,1,0,SC,Post Matric Scholarship,Farmer,418972988221,114779,0
2851,1,1,1,ST,Post Matric Scholarship,Farmer,369000533458,116466,0
6030,1,1,1,ST,Other Scheme,Pensioner,534290473200,57159,1
6837,0,0,1,OBC,Other Scheme,Worker,129491124021,88464,1
8116,0,0,1,VJNT,Pre Matric Scholarship,Pensioner,151814392898,93550,1
7646,1,1,1,OBC,Pre Matric Scholarship,Student,598366998834,169461,0
7895,0,1,0,SC,Other Scheme,Pensioner,800706477512,32102,1
2195,0,1,0,ST,Post Matric Scholarship,Student,405750384012,4776,1
6562,0,0,1,General,Other Scheme,Student,436961392894,171083,0
1771,1,1,0,ST,Post Matric Scholarship,Student,465885772584,148257,1
9272,0,1,1,VJNT,Pre Matric Scholarship,Farmer,807674855205,77444,1
4789,0,0,1,General,Post Matric Scholarship,Worker,735882412254,127617,0
5137,0,0,1,VJNT,Pre Matric Scholarship,Farmer,701544835217,184851,1
1033,0,1,0,VJNT,Other Scheme,Worker,102120043651,48951,0
3890,1,1,1,VJNT,Other Scheme,Pensioner,625832010012,152219,0
9379,1,0,1,VJNT,Other Scheme,Worker,792842189771,117156,0
9931,0,0,1,VJNT,Post Matric Scholarship,Worker,188574598761,37013,0
7137,0,0,1,ST,Post Matric Scholarship,Worker,570622962592,74702,0
1939,1,0,0,VJNT,Post Matric Scholarship,Pensioner,115125863894,90802,0
7277,1,1,1,VJNT,Post Matric Scholarship,Student,324347118783,115226,0
8701,0,0,1,SC,Other Scheme,Worker,421359265227,14357,1
5139,1,1,0,General,Post Matric Scholarship,Pensioner,206089570100,153463,1
3426,0,0,0,OBC,Post Matric Scholarship,Student,202894928591,188732,1
6706,1,0,0,ST,Post Matric Scholarship,Farmer,493207951857,195113,1
8385,0,1,1,ST,Pre Matric Scholarship,Farmer,839987269044,78349,1
1220,1,1,0,OBC,Other Scheme,Farmer,412123711631,182874,1
2288,0,1,1,ST,Pre Matric Scholarship,Farmer,192305021544,159735,0
8977,1,1,0,ST,Pre Matric Scholarship,Farmer,140908498628,113933,1
9348,0,1,1,VJNT,Pre Matric Scholarship,Farmer,491978155306,7203,0
2741,0,0,0,ST,Other Scheme,Worker,169175177942,193149,1
1927,0,1,1,VJNT,Post Matric Scholarship,Student,411020828225,35778,0
763,1,1,1,OBC,Post Matric Scholarship,Farmer,962729237476,101275,1
6051,1,1,0,OBC,Post Matric Scholarship,Pensioner,619709075900,11870,1
9066,1,0,1,ST,Other Scheme,Pensioner,215516777729,89049,1
245,0,0,0,ST,Other Scheme,Worker,653810577481,171986,1
538,1,0,0,ST,Other Scheme,Farmer,521711647219,30202,1
1805,1,1,1,ST,Pre Matric Scholarship,Pensioner,385535423610,89824,0
401,0,1,0,ST,Pre Matric Scholarship,Farmer,412071281237,179858,1
9599,1,1,0,OBC,Other Scheme,Worker,202151107399,29578,1
1186,0,0,1,ST,Pre Matric Scholarship,Pensioner,335747296320,116906,0
451,1,1,1,VJNT,Pre Matric Scholarship,Farmer,132452356310,53532,0
3400,0,0,1,SC,Post Matric Scholarship,Student,731607220876,1539,1
7462,1,0,1,SC,Pre Matric Scholarship,Farmer,194341800479,29729,1
1618,0,1,0,SC,Pre Matric Scholarship,Worker,110505974987,168361,1
296,0,1,1,ST,Post Matric Scholarship,Farmer,538604334559,161216,1
8625,0,1,0,SC,Pre Matric Scholarship,Pensioner,571470526448,123594,0
3229,0,1,0,OBC,Post Matric Scholarship,Worker,687658417046,143608,0
4853,1,0,0,OBC,Pre Matric Scholarship,Student,795865814360,105990,0
6943,0,0,0,ST,Pre Matric Scholarship,Student,852225873797,172484,1
3903,0,1,0,General,Pre Matric Scholarship,Pensioner,561338220978,150714,1
3255,0,1,0,General,Post Matric Scholarship,Worker,547468590222,14825,1
7727,0,1,1,General,Other Scheme,Pensioner,584611184098,166477,1
4112,1,1,0,ST,Post Matric Scholarship,Farmer,697130362404,99395,1
8560,0,1,1,SC,Post Matric Scholarship,Farmer,470845125666,119556,1
9080,1,1,1,General,Other Scheme,Student,711108929703,43960,0
8593,1,0,1,General,Other Scheme,Farmer,860257931259,28381,0
8733,0,1,1,OBC,Post Matric Scholarship,Pensioner,190142297363,26009,1
5214,1,1,0,General,Pre Matric Scholarship,Farmer,974601284063,124823,1
2264,1,0,0,General,Pre Matric Scholarship,Farmer,170862586463,26253,1
4185,1,0,1,ST,Post Matric Scholarship,Worker,710023968084,121622,1
5128,0,0,1,ST,Pre Matric Scholarship,Student,943181817325,159884,1
6459,0,0,1,SC,Pre Matric Scholarship,Student,596039863578,17191,1
5864,1,0,0,SC,Other Scheme,Farmer,152444687667,119356,0
7200,0,1,1,SC,Other Scheme,Worker,814449534574,66189,0
7684,0,1,0,SC,Post Matric Scholarship,Student,359882967641,93909,1
4355,1,0,0,VJNT,Post Matric Scholarship,Pensioner,259450809980,112828,0
4848,0,1,1,OBC,Pre Matric Scholarship,Pensioner,280325193180,36435,1
5587,1,1,0,SC,Pre Matric Scholarship,Worker,376422101355,90554,0
6712,1,0,0,SC,Other Scheme,Pensioner,302057928128,15102,1
9997,0,0,0,General,Pre Matric Scholarship,Student,622941656261,126974,1
8206,1,0,0,SC,Other Scheme,Student,806029718628,66734,0
2103,1,1,0,OBC,Post Matric Scholarship,Student,512378294928,97865,1
2167,0,0,0,ST,Post Matric Scholarship,Student,601623093397,82147,0
5715,1,1,0,General,Pre Matric Scholarship,Farmer,933689610460,85811,0
6775,0,1,1,SC,Other Scheme,Worker,774157906691,47628,0
4128,1,0,1,SC,Other Scheme,Student,518983613520,52529,1
5008,1,1,0,OBC,Pre Matric Scholarship,Student,751935914049,138959,0
3157,0,0,0,ST,Post Matric Scholarship,Farmer,554473030856,42731,1
1448,0,1,1,OBC,Post Matric Scholarship,Farmer,164213352751,22155,0
1471,0,1,1,VJNT,Post Matric Scholarship,Student,251585388924,109690,1
7734,1,1,1,VJNT,Pre Matric Scholarship,Worker,207702182377,38766,1
2586,0,0,1,General,Other Scheme,Student,413214817330,98069,1
4947,0,0,0,OBC,Other Scheme,Student,833743410130,147135,0
9271,1,0,1,General,Post Matric Scholarship,Pensioner,119949007010,172120,1
9165,0,1,0,ST,Post Matric Scholarship,Worker,743631981651,105952,0
9855,0,1,1,OBC,Post Matric Scholarship,Student,636118006731,19382,1
5313,0,1,0,SC,Post Matric Scholarship,Worker,774153410784,68417,0
482,0,0,0,OBC,Pre Matric Scholarship,Farmer,735595385051,32347,0
5214,0,0,0,OBC,Pre Matric Scholarship,Pensioner,797932799227,81126,1
7014,1,1,1,VJNT,Pre Matric Scholarship,Farmer,305696540021,21128,0
7618,1,0,1,ST,Post Matric Scholarship,Worker,456666200879,180766,0
8011,1,0,1,General,Post Matric Scholarship,Student,687365086823,44350,0
93,1,1,0,SC,Post Matric Scholarship,Student,103639132164,107964,1
7163,0,1,1,VJNT,Post Matric Scholarship,Farmer,491419351110,184800,0
5554,0,1,1,ST,Other Scheme,Worker,279057748201,6710,0
719,1,1,1,VJNT,Post Matric Scholarship,Worker,104350517029,21643,0
5583,1,0,1,General,Other Scheme,Worker,520823835744,138238,0
111,1,0,1,General,Pre Matric Scholarship,Farmer,239840933885,196919,0
8787,1,0,1,ST,Post Matric Scholarship,Worker,938576352294,14930,0
2048,0,1,0,ST,Post Matric Scholarship,Pensioner,266272808139,58094,1
4669,1,0,0,VJNT,Post Matric Scholarship,Pensioner,941315682205,4400,1
4420,1,1,0,VJNT,Pre Matric Scholarship,Farmer,601142034936,159888,0
8120,0,1,0,VJNT,Post Matric Scholarship,Worker,542890844028,129945,1
8093,1,0,1,SC,Pre Matric Scholarship,Worker,138640293837,154442,1
9537,1,1,0,SC,Post Matric Scholarship,Farmer,778948367632,181611,0
1738,1,0,0,VJNT,Other Scheme,Student,775695885681,68221,0
6518,0,0,1,ST,Pre Matric Scholarship,Student,896127569950,147014,1
2654,0,1,1,ST,Post Matric Scholarship,Worker,470989353324,126191,0
256,0,1,0,SC,Other Scheme,Worker,949894311009,58650,1
4720,0,1,0,OBC,Other Scheme,Student,170494112000,50343,1
9052,1,0,1,VJNT,Pre Matric Scholarship,Farmer,318781675747,195932,0
2565,1,1,1,General,Post Matric Scholarship,Worker,802359943490,192713,0
7741,0,0,1,VJNT,Post Matric Scholarship,Student,260529063896,95357,1
6205,0,1,1,General,Pre Matric Scholarship,Student,673160773314,128876,1
2455,0,0,1,OBC,Pre Matric Scholarship,Student,606608748264,193791,1
9669,0,0,1,OBC,Other Scheme,Farmer,787611713951,92291,0
4727,1,1,0,OBC,Pre Matric Scholarship,Farmer,770828185950,45681,0
1686,0,1,1,VJNT,Post Matric Scholarship,Pensioner,682299701142,77445,0
9687,1,1,0,OBC,Other Scheme,Pensioner,585217522432,145964,1
3022,0,0,1,General,Other Scheme,Student,462744548482,116143,0
6432,1,0,1,VJNT,Pre Matric Scholarship,Farmer,684509890651,48708,0
2752,1,0,0,VJNT,Post Matric Scholarship,Farmer,750512045925,123791,1
1703,0,0,1,OBC,Post Matric Scholarship,Pensioner,299167801546,127006,0
4672,1,0,1,SC,Post Matric Scholarship,Student,517028244806,194557,1
3596,0,0,1,OBC,Post Matric Scholarship,Pensioner,767840150560,170756,0
4424,0,1,1,VJNT,Pre Matric Scholarship,Pensioner,433090519541,5252,1
367,0,0,0,SC,Other Scheme,Pensioner,300083990420,25936,0
8127,0,0,0,OBC,Post Matric Scholarship,Student,287213826141,183278,0
3996,1,1,0,General,Post Matric Scholarship,Student,748862931760,99861,0
5814,0,0,1,SC,Pre Matric Scholarship,Pensioner,176898525516,198537,1
1154,1,0,1,SC,Post Matric Scholarship,Student,474361893488,108613,0
4829,1,1,1,OBC,Pre Matric Scholarship,Farmer,734214429335,112908,0
7804,1,1,1,VJNT,Post Matric Scholarship,Pensioner,970562845344,67657,1
6571,0,0,1,General,Post Matric Scholarship,Farmer,384543552887,52119,1
3982,1,0,1,SC,Other Scheme,Student,245222297393,56766,1
3561,0,1,1,OBC,Other Scheme,Farmer,300561354855,38553,0
3374,1,0,0,General,Post Matric Scholarship,Student,564024325027,155270,0
9415,1,0,0,ST,Pre Matric Scholarship,Farmer,245643881747,126831,1
9347,1,0,0,VJNT,Post Matric Scholarship,Farmer,813808382856,76957,1
3298,0,0,1,ST,Pre Matric Scholarship,Farmer,322409741025,88243,0
8434,1,0,0,General,Pre Matric Scholarship,Worker,362390279530,111919,1
2119,0,1,1,VJNT,Post Matric Scholarship,Worker,832318824703,64146,1
6505,0,1,0,ST,Pre Matric Scholarship,Pensioner,238690355527,51501,0
9272,0,0,0,OBC,Post Matric Scholarship,Student,984424480859,17329,1
9458,1,0,1,ST,Pre Matric Scholarship,Worker,470129771859,49649,0
5801,0,1,1,General,Post Matric Scholarship,Farmer,236149191019,3813,1
5885,1,0,0,VJNT,Pre Matric Scholarship,Pensioner,978729475758,10645,1
8024,0,1,0,SC,Post Matric Scholarship,Pensioner,663259405370,28577,1
9774,1,1,0,VJNT,Post Matric Scholarship,Farmer,318773104812,12522,1
1828,0,1,1,VJNT,Other Scheme,Worker,764862868569,163503,1
9878,0,0,1,VJNT,Other Scheme,Student,301645905865,172911,1
8996,0,0,0,OBC,Other Scheme,Student,992552423310,99498,1
7120,0,1,1,General,Pre Matric Scholarship,Farmer,749143564053,159813,1
9306,1,1,1,ST,Pre Matric Scholarship,Worker,595031499896,21405,0
9679,1,0,0,SC,Pre Matric Scholarship,Worker,451803410105,39805,1
9483,0,1,0,ST,Other Scheme,Farmer,657818767985,95732,0
5974,0,0,0,SC,Post Matric Scholarship,Student,704798380926,128176,1
5950,0,1,0,ST,Pre Matric Scholarship,Pensioner,571319703121,2292,0
8561,0,0,1,SC,Other Scheme,Farmer,206500496978,28317,1
2085,0,0,0,SC,Other Scheme,Pensioner,341743303456,180793,1
3857,1,1,0,VJNT,Other Scheme,Pensioner,478324430879,36774,0
5561,1,1,1,SC,Post Matric Scholarship,Worker,958032952495,61002,0
3716,1,0,1,OBC,Other Scheme,Pensioner,154397231012,106459,0
3769,1,1,0,VJNT,Other Scheme,Farmer,117669853033,144441,1
7417,0,0,0,VJNT,Post Matric Scholarship,Worker,828320307263,194548,1
558,0,1,0,VJNT,Post Matric Scholarship,Student,146349831710,160954,0
5379,0,1,0,SC,Pre Matric Scholarship,Pensioner,706447721349,116574,0
7548,0,0,0,VJNT,Other Scheme,Farmer,606778018547,164076,0
4732,0,0,0,OBC,Pre Matric Scholarship,Student,686219549062,130599,0
3130,1,1,0,SC,Pre Matric Scholarship,Worker,117824143537,70852,0
4630,1,1,1,OBC,Other Scheme,Worker,239237475545,93577,0
1566,1,1,1,OBC,Post Matric Scholarship,Student,623963391733,122125,1
6202,1,0,1,General,Pre Matric Scholarship,Student,996683210914,6601,0
3336,0,1,0,General,Post Matric Scholarship,Student,264474071171,35725,0
2699,0,1,0,VJNT,Other Scheme,Farmer,547661762348,10648,1
8132,1,0,0,ST,Pre Matric Scholarship,Student,457789728268,54401,1
1043,0,0,0,SC,Pre Matric Scholarship,Student,436787227270,46568,0
4985,0,0,0,ST,Pre Matric Scholarship,Student,607671025758,22989,1
9324,1,0,0,General,Post Matric Scholarship,Farmer,602593472991,184557,1
7695,0,0,0,OBC,Pre Matric Scholarship,Worker,945032169865,54623,1
3005,1,1,1,ST,Pre Matric Scholarship,Worker,664398445925,114822,1
6819,0,0,0,SC,Post Matric Scholarship,Student,338117855927,138101,0
9650,0,1,0,SC,Pre Matric Scholarship,Worker,999468210573,147566,0
223,0,1,0,OBC,Pre Matric Scholarship,Farmer,881641234487,179129,1
4905,1,0,1,General,Pre Matric Scholarship,Pensioner,733967774145,144111,0
3004,1,1,1,VJNT,Post Matric Scholarship,Student,383349114413,177357,1
5703,1,1,0,VJNT,Other Scheme,Student,716759778212,50171,1
4091,0,0,0,ST,Pre Matric Scholarship,Pensioner,276562532962,54757,1
891,0,1,0,ST,Post Matric Scholarship,Student,591377670186,7440,1
4414,1,1,0,SC,Other Scheme,Student,491126484022,154483,1
6895,1,0,0,VJNT,Other Scheme,Student,190155255333,52240,0
7058,1,1,1,ST,Pre Matric Scholarship,Student,121066173210,115448,0
81,1,0,1,OBC,Pre Matric Scholarship,Student,646340282331,69875,0
9067,0,0,0,VJNT,Pre Matric Scholarship,Farmer,447834892692,111555,0
2402,0,1,0,SC,Post Matric Scholarship,Student,823439572063,161992,1
7707,1,0,1,VJNT,Other Scheme,Student,218203115622,90164,1
2831,1,0,0,ST,Post Matric Scholarship,Farmer,641211065643,47633,0
8969,1,1,1,VJNT,Post Matric Scholarship,Farmer,923907799884,171558,1
1092,0,0,0,VJNT,Pre Matric Scholarship,Farmer,724256650262,21731,0
988,1,1,0,ST,Post Matric Scholarship,Worker,290701734822,111503,1
5286,1,1,0,SC,Other Scheme,Worker,426650486282,32371,1
4905,1,1,0,OBC,Other Scheme,Farmer,636607250902,93998,0
9125,1,0,0,OBC,Other Scheme,Worker,473817490911,17664,0
7747,1,1,0,General,Pre Matric Scholarship,Worker,722160093233,179136,1
3146,0,0,1,OBC,Pre Matric Scholarship,Student,481938208360,7586,1
3714,1,1,1,OBC,Pre Matric Scholarship,Pensioner,820361241928,180658,0
640,0,0,1,VJNT,Other Scheme,Student,742323700111,80153,0
3825,1,0,1,SC,Other Scheme,Farmer,945780268430,94358,1
9632,1,0,1,OBC,Post Matric Scholarship,Worker,698681846752,96540,1
5319,0,1,1,SC,Pre Matric Scholarship,Worker,283026244889,140189,1
8667,1,1,0,SC,Other Scheme,Pensioner,809550098434,184903,1
1402,0,1,0,General,Other Scheme,Pensioner,874822187125,97293,0
556,1,0,1,OBC,Pre Matric Scholarship,Pensioner,101995809956,78462,1
9768,1,0,1,VJNT,Pre Matric Scholarship,Worker,365457798179,8323,0
502,0,1,0,ST,Other Scheme,Pensioner,525555625175,134936,0
2947,0,1,0,SC,Pre Matric Scholarship,Student,563959910096,70449,0
7284,0,0,0,OBC,Other Scheme,Farmer,298581891026,15225,1
4781,0,1,0,General,Other Scheme,Worker,932848353037,95871,1
6165,0,1,1,ST,Pre Matric Scholarship,Pensioner,808783369596,170527,1
4233,0,1,0,SC,Post Matric Scholarship,Pensioner,397531930907,95119,0
7942,0,1,0,General,Pre Matric Scholarship,Farmer,269752438951,177239,1
6262,0,0,1,OBC,Post Matric Scholarship,Student,686845870503,621,0
1034,0,0,1,VJNT,Post Matric Scholarship,Farmer,114095273412,50923,0
1393,1,0,0,SC,Pre Matric Scholarship,Farmer,169043934204,181460,0
7075,1,1,0,VJNT,Other Scheme,Student,380455775080,89520,1
8535,1,1,0,General,Post Matric Scholarship,Student,739749677384,171243,1
1642,1,1,0,SC,Post Matric Scholarship,Pensioner,940258633503,128796,0
7823,1,1,0,OBC,Other Scheme,Worker,708603251449,170254,1
4917,0,1,0,OBC,Pre Matric Scholarship,Student,654138646293,97361,1
2500,1,1,0,ST,Post Matric Scholarship,Worker,259625577514,119927,1
8804,0,0,1,ST,Pre Matric Scholarship,Student,208434338591,54970,1
2345,0,0,0,VJNT,Pre Matric Scholarship,Worker,683008196271,186205,0
6655,0,0,0,OBC,Other Scheme,Worker,951669349418,59518,1
4914,0,0,0,General,Post Matric Scholarship,Student,126892654241,11373,1
354,1,1,0,ST,Post Matric Scholarship,Student,957034285118,24185,0
928,1,1,0,General,Pre Matric Scholarship,Worker,122676892124,119551,0
7817,1,1,0,VJNT,Other Scheme,Worker,217813542744,33987,0
4526,0,1,0,VJNT,Post Matric Scholarship,Student,185400645609,16298,1
8659,1,1,1,VJNT,Post Matric Scholarship,Student,647543294371,47990,1
9802,1,1,1,OBC,Post Matric Scholarship,Farmer,870516353914,9547,0
4996,0,1,0,VJNT,Pre Matric Scholarship,Worker,887822981115,115555,1
8072,0,0,0,General,Post Matric Scholarship,Worker,114855389838,52403,0
6246,1,1,1,SC,Post Matric Scholarship,Student,816093515347,53729,0
2029,1,1,1,General,Other Scheme,Pensioner,909405272063,87572,1
3630,0,1,1,OBC,Post Matric Scholarship,Farmer,442844704719,87435,1
3325,1,1,0,General,Post Matric Scholarship,Pensioner,562069596524,32820,1
9208,0,0,1,ST,Other Scheme,Farmer,625031700787,157933,0
7069,1,1,0,ST,Pre Matric Scholarship,Farmer,581474187429,78613,1
2487,1,0,0,OBC,Other Scheme,Worker,633401149614,1248,0
184,0,1,0,General,Pre Matric Scholarship,Student,691095389704,32972,0
2666,0,0,1,SC,Post Matric Scholarship,Pensioner,198294626564,19581,1
4727,0,0,0,VJNT,Post Matric Scholarship,Farmer,636937402698,95420,0
9613,0,1,0,OBC,Post Matric Scholarship,Pensioner,446517663728,12748,1
26,1,1,0,SC,Post Matric Scholarship,Farmer,775149328767,153379,0
1047,0,1,0,SC,Other Scheme,Worker,114743106522,80752,1
9438,1,0,1,OBC,Pre Matric Scholarship,Pensioner,253025119875,120434,1
7071,1,1,1,ST,Pre Matric Scholarship,Farmer,588163059846,55599,0
6717,0,1,0,OBC,Pre Matric Scholarship,Pensioner,353765333201,140237,1
5331,1,1,0,VJNT,Pre Matric Scholarship,Worker,765374356356,18819,1
9894,1,0,0,SC,Pre Matric Scholarship,Student,750375613783,189449,1
1269,0,0,1,VJNT,Other Scheme,Pensioner,528593782799,87830,0
3073,1,1,1,SC,Post Matric Scholarship,Worker,876478873452,99281,1
8661,0,1,0,OBC,Other Scheme,Worker,241860758692,135989,1
340,0,0,1,OBC,Pre Matric Scholarship,Student,880930475412,40699,1
2975,0,0,0,General,Other Scheme,Pensioner,392988262405,183438,1
3217,0,0,0,General,Other Scheme,Pensioner,149980768184,134316,0
9358,1,1,0,SC,Post Matric Scholarship,Student,919543677992,38362,1
5468,0,0,1,SC,Post Matric Scholarship,Worker,692681186424,145039,0
3745,1,1,0,VJNT,Post Matric Scholarship,Farmer,475045244059,144973,0
656,1,0,0,VJNT,Other Scheme,Worker,408515118391,17489,0
9708,1,1,1,OBC,Post Matric Scholarship,Student,618082796927,100858,1
3397,1,1,1,VJNT,Post Matric Scholarship,Worker,719284896261,128275,1
396,0,1,0,VJNT,Pre Matric Scholarship,Student,844176564353,49240,0
6365,1,0,0,General,Post Matric Scholarship,Worker,479262869767,125357,1
6371,1,1,1,General,Pre Matric Scholarship,Student,101252698233,58579,1
4247,0,0,0,VJNT,Other Scheme,Farmer,406401628844,151935,0
3100,1,1,0,OBC,Pre Matric Scholarship,Farmer,941033567906,148325,1
7230,1,0,1,OBC,Other Scheme,Student,851446650614,189891,1
2991,1,0,0,VJNT,Pre Matric Scholarship,Worker,551324215915,118462,0
5465,0,1,0,General,Pre Matric Scholarship,Worker,767191743047,171927,1
7505,1,1,1,SC,Post Matric Scholarship,Pensioner,227425108567,89013,0
724,1,1,1,VJNT,Other Scheme,Student,437786724014,6483,1
8182,0,1,1,SC,Post Matric Scholarship,Pensioner,672976270822,184504,1
9465,0,1,0,OBC,Other Scheme,Pensioner,393029790420,74619,1
1172,0,0,0,General,Pre Matric Scholarship,Farmer,474774768342,158145,1
4330,0,1,1,SC,Post Matric Scholarship,Student,522720249047,157255,0
6911,0,1,0,General,Pre Matric Scholarship,Student,708535786421,130522,1
6945,0,1,1,SC,Pre Matric Scholarship,Student,515743472859,66547,0
1049,0,0,1,General,Other Scheme,Student,756947229101,118600,1
2056,1,0,0,ST,Post Matric Scholarship,Student,732386630984,198701,1
4712,1,1,0,VJNT,Other Scheme,Worker,652620800174,31364,1
2602,1,1,0,ST,Other Scheme,Student,580235635019,153593,0
5192,1,1,0,General,Pre Matric Scholarship,Worker,457803331252,68508,1
5373,1,0,0,VJNT,Post Matric Scholarship,Worker,359585587770,23455,1
2360,0,1,0,General,Pre Matric Scholarship,Worker,369391624916,147561,1
5244,1,1,0,VJNT,Other Scheme,Student,464751336495,82278,0
5219,1,0,0,General,Pre Matric Scholarship,Pensioner,766966633057,133479,1
7667,1,1,0,VJNT,Pre Matric Scholarship,Farmer,180509543633,190101,0
3419,1,0,1,OBC,Other Scheme,Student,438141236086,175566,0
826,1,0,0,OBC,Pre Matric Scholarship,Farmer,602929492236,82136,0
8309,0,1,0,SC,Post Matric Scholarship,Pensioner,626097880041,13368,1
5991,1,0,1,SC,Other Scheme,Worker,341250057578,116713,0
2835,1,1,0,General,Pre Matric Scholarship,Student,894722129872,103797,1
4905,0,1,1,VJNT,Pre Matric Scholarship,Farmer,621043300780,127182,1
2187,0,1,1,General,Other Scheme,Pensioner,609843379766,101214,0
3885,0,0,0,VJNT,Pre Matric Scholarship,Farmer,810708190157,107356,1
4515,0,0,0,OBC,Post Matric Scholarship,Student,273367277327,134391,0
1141,0,1,0,SC,Other Scheme,Worker,977991302532,151863,0
9905,1,0,0,SC,Pre Matric Scholarship,Pensioner,453387711772,129025,0
8337,0,1,1,SC,Post Matric Scholarship,Pensioner,822591729817,5499,0
3697,0,0,1,SC,Post Matric Scholarship,Worker,635691262140,115502,0
8372,1,0,0,VJNT,Post Matric Scholarship,Worker,353859188306,35073,0
7719,0,1,0,VJNT,Pre Matric Scholarship,Pensioner,144144718310,72875,1
1524,1,1,0,SC,Post Matric Scholarship,Student,460875741116,117307,1
1572,0,1,0,General,Pre Matric Scholarship,Farmer,221720873500,86022,0
2443,1,0,0,General,Post Matric Scholarship,Farmer,421082620703,47607,1
2979,1,1,1,General,Pre Matric Scholarship,Worker,807170085261,190233,1
2682,1,1,0,ST,Other Scheme,Student,692110299951,27541,0
5144,0,1,0,SC,Pre Matric Scholarship,Student,730868127559,118504,1
3745,1,0,0,General,Post Matric Scholarship,Student,409463296801,182650,1
3244,1,0,0,ST,Pre Matric Scholarship,Student,236150753875,26053,0
6335,1,0,0,General,Post Matric Scholarship,Worker,131486753159,166411,0
3847,0,1,0,OBC,Post Matric Scholarship,Worker,619388687618,134232,0
8995,1,1,1,General,Pre Matric Scholarship,Worker,800827558210,103703,0
3429,1,1,0,General,Pre Matric Scholarship,Student,910123032461,172015,0
9932,0,0,1,General,Pre Matric Scholarship,Pensioner,516663766442,48196,1
9223,0,1,0,VJNT,Other Scheme,Student,959972844950,115230,0
1502,0,0,1,OBC,Pre Matric Scholarship,Pensioner,580398381996,1575,0
4392,1,0,1,General,Other Scheme,Farmer,298356240469,538,0
9605,1,1,1,General,Pre Matric Scholarship,Worker,463807610053,100568,1
9685,1,1,1,VJNT,Other Scheme,Student,882401464112,35731,0
354,1,1,0,General,Post Matric Scholarship,Pensioner,302306115789,85716,1
1173,0,1,1,General,Other Scheme,Pensioner,329052201795,748,0
867,0,1,0,VJNT,Pre Matric Scholarship,Student,429742683016,86250,1
4914,0,0,0,SC,Other Scheme,Student,802820841061,170584,1
7432,0,1,1,OBC,Pre Matric Scholarship,Farmer,600165532796,93176,0
999,1,0,0,VJNT,Post Matric Scholarship,Pensioner,400640979273,126592,0
4258,1,1,1,SC,Other Scheme,Pensioner,989607669337,86637,0
736,1,0,1,VJNT,Pre Matric Scholarship,Student,661631440630,193315,1
3965,0,0,0,SC,Other Scheme,Farmer,449296042034,150875,1
7362,0,0,0,General,Pre Matric Scholarship,Farmer,698708928093,16099,0
8526,1,1,1,OBC,Pre Matric Scholarship,Farmer,703956646507,21755,1
8698,1,0,1,General,Other Scheme,Pensioner,677344259125,72563,1
2018,0,1,1,ST,Pre Matric Scholarship,Student,576460901512,123415,0
161,1,1,0,ST,Other Scheme,Worker,253049471164,152920,0
5131,0,0,1,VJNT,Pre Matric Scholarship,Pensioner,299490564467,142176,1
1760,0,0,1,VJNT,Pre Matric Scholarship,Worker,190264303954,113787,1
4819,1,0,1,General,Post Matric Scholarship,Worker,641976125110,10994,1
7541,1,0,1,OBC,Pre Matric Scholarship,Student,219028226328,173364,0
1797,1,0,0,ST,Post Matric Scholarship,Worker,294588413683,68521,0
895,0,0,0,ST,Post Matric Scholarship,Pensioner,566055016138,108987,0
7871,1,1,0,General,Post Matric Scholarship,Farmer,282297983211,172592,1
2792,0,0,1,VJNT,Pre Matric Scholarship,Worker,434118058542,122742,0
6900,1,1,1,VJNT,Post Matric Scholarship,Pensioner,593291959975,135071,0
1538,1,0,1,OBC,Post Matric Scholarship,Worker,805555453777,99680,1
1632,1,0,1,OBC,Post Matric Scholarship,Pensioner,123652778042,129882,0
1251,0,0,1,SC,Other Scheme,Student,878777927941,100451,0
4110,0,1,0,ST,Pre Matric Scholarship,Pensioner,837437518230,44276,1
6481,0,0,0,SC,Post Matric Scholarship,Farmer,561402489470,4651,0
6703,1,0,1,General,Post Matric Scholarship,Student,155052091223,36958,0
3369,1,1,0,VJNT,Other Scheme,Worker,965881642269,16518,0
5974,1,1,1,ST,Pre Matric Scholarship,Pensioner,208099586499,136129,1
683,1,1,0,General,Post Matric Scholarship,Student,857133491222,17131,0
3976,0,0,1,General,Pre Matric Scholarship,Farmer,760862329965,35490,0
365,0,0,1,OBC,Pre Matric Scholarship,Farmer,411009376407,25424,1
8946,0,0,1,General,Post Matric Scholarship,Farmer,607946768977,98379,1
9962,1,0,0,ST,Other Scheme,Student,701918913852,178097,1
5737,0,0,0,ST,Post Matric Scholarship,Student,834495192231,33163,1
6573,1,0,0,OBC,Other Scheme,Farmer,247739805607,150169,1
2681,0,1,0,SC,Pre Matric Scholarship,Pensioner,825327239216,38310,0
2320,0,1,0,OBC,Pre Matric Scholarship,Pensioner,983648087582,172297,1
1390,1,1,0,General,Pre Matric Scholarship,Pensioner,964739855570,30665,0
814,0,1,0,VJNT,Post Matric Scholarship,Worker,113742158765,120929,1
7122,1,1,0,OBC,Post Matric Scholarship,Farmer,662638275439,42576,1
7213,1,0,1,ST,Post Matric Scholarship,Worker,626995431328,112601,0
1587,0,1,0,SC,Post Matric Scholarship,Worker,785386562360,57287,1
6340,1,1,0,General,Post Matric Scholarship,Worker,905951253234,12664,0
2552,0,0,1,General,Other Scheme,Farmer,444072996706,47405,0
5347,1,1,0,General,Post Matric Scholarship,Student,129163277044,181713,1
8431,1,1,0,ST,Pre Matric Scholarship,Pensioner,556573244489,85691,0
3974,0,1,1,OBC,Pre Matric Scholarship,Farmer,351427430941,42868,1
720,0,1,1,OBC,Post Matric Scholarship,Pensioner,650249308479,63299,1
3396,1,1,1,VJNT,Other Scheme,Worker,911197575487,571,0
9518,0,0,0,General,Post Matric Scholarship,Farmer,778514274087,122576,0
2749,0,0,1,SC,Pre Matric Scholarship,Farmer,681381629937,114237,0
7711,1,0,1,General,Pre Matric Scholarship,Worker,945561674664,1798,1
2853,0,1,1,ST,Other Scheme,Student,255270600119,68324,0
7713,0,1,0,ST,Post Matric Scholarship,Student,343858911041,125956,0
470,0,1,1,OBC,Other Scheme,Farmer,341429215909,9133,1
3840,1,0,1,SC,Post Matric Scholarship,Farmer,416286916376,118286,1
9542,0,0,0,OBC,Pre Matric Scholarship,Farmer,659745078263,25210,0
8793,0,1,0,VJNT,Post Matric Scholarship,Pensioner,110814918101,80823,0
4555,1,0,1,General,Post Matric Scholarship,Pensioner,308928444104,177066,0
6521,0,1,0,OBC,Post Matric Scholarship,Worker,923716233323,21881,0
338,1,0,1,SC,Pre Matric Scholarship,Farmer,471516014519,50962,0
6335,0,0,0,ST,Pre Matric Scholarship,Worker,745204918132,83305,1
8180,0,1,0,OBC,Pre Matric Scholarship,Pensioner,946621179048,189534,0
1407,1,0,1,ST,Other Scheme,Worker,227054817866,127892,0
3720,1,1,1,SC,Other Scheme,Worker,958341822007,54279,1
7595,0,0,0,VJNT,Other Scheme,Farmer,479042375180,85951,0
2943,0,0,0,General,Other Scheme,Worker,310258557217,106976,1
237,1,1,1,OBC,Other Scheme,Worker,130217281157,28157,1
6955,1,0,1,General,Pre Matric Scholarship,Pensioner,110737912541,57430,1
6274,1,0,1,OBC,Post Matric Scholarship,Worker,356607089214,114204,1
1982,0,0,1,VJNT,Pre Matric Scholarship,Student,966343155653,4803,0
1961,0,0,1,OBC,Other Scheme,Farmer,837315568037,114983,0
3326,0,1,1,ST,Other Scheme,Pensioner,382208292022,129948,0
3466,1,1,1,VJNT,Post Matric Scholarship,Farmer,615685042381,35129,1
7394,1,0,0,OBC,Other Scheme,Farmer,138044908074,191253,0
3274,1,1,0,OBC,Other Scheme,Farmer,220892420765,43981,1
3675,1,0,1,OBC,Post Matric Scholarship,Farmer,202307456682,73419,0
2722,0,1,1,VJNT,Pre Matric Scholarship,Pensioner,667028454706,55884,1
9293,0,1,0,SC,Other Scheme,Worker,436010763600,3737,1
7743,1,1,1,VJNT,Post Matric Scholarship,Student,487313989932,25121,0
4929,0,1,1,VJNT,Post Matric Scholarship,Pensioner,845663612587,53565,0
4691,0,0,0,OBC,Other Scheme,Farmer,325847036585,28419,0
8887,1,1,0,General,Post Matric Scholarship,Pensioner,619652409874,50976,0
8771,0,0,1,OBC,Post Matric Scholarship,Student,879651157937,10770,1
6069,0,1,0,VJNT,Pre Matric Scholarship,Worker,999478744357,63340,0
718,1,1,0,ST,Pre Matric Scholarship,Student,344197519123,14505,1
5965,1,1,1,ST,Post Matric Scholarship,Student,869035396446,134888,0
2134,0,1,0,ST,Pre Matric Scholarship,Pensioner,266783814611,68746,1
274,1,0,1,SC,Pre Matric Scholarship,Worker,901303418938,5077,1
764,1,0,0,General,Pre Matric Scholarship,Student,177739442392,107825,0
1932,1,0,0,ST,Other Scheme,Pensioner,456158044695,171353,0
1198,0,1,0,General,Pre Matric Scholarship,Pensioner,356952791480,102603,0
1808,0,0,1,OBC,Post Matric Scholarship,Farmer,861631782732,94744,0
4803,0,1,1,SC,Pre Matric Scholarship,Pensioner,380456812101,82764,1
8943,1,0,1,SC,Pre Matric Scholarship,Farmer,669844956465,78685,0
1047,1,0,0,ST,Other Scheme,Pensioner,645757222594,131607,0
9118,0,0,1,SC,Post Matric Scholarship,Farmer,577662089195,61367,0
9902,1,1,1,ST,Other Scheme,Worker,471159593402,38282,0
9823,1,1,0,OBC,Pre Matric Scholarship,Student,706358026945,164898,1
5441,0,0,1,ST,Other Scheme,Student,523167835931,186810,0
7043,1,1,0,General,Other Scheme,Pensioner,597605132874,168305,0
4309,1,0,0,OBC,Other Scheme,Worker,665317129858,57630,0
722,0,0,1,ST,Post Matric Scholarship,Farmer,332951556356,96548,0
2693,0,0,1,OBC,Pre Matric Scholarship,Worker,955902225424,8548,0
7550,1,1,0,OBC,Post Matric Scholarship,Student,828296897982,125022,1
9407,0,1,1,ST,Post Matric Scholarship,Farmer,278277882479,85688,0
399,0,1,0,ST,Other Scheme,Pensioner,474929835370,32292,0
5025,0,0,0,General,Other Scheme,Student,682116676797,9803,1
5952,0,1,0,ST,Pre Matric Scholarship,Worker,848483664135,187189,1
7435,1,0,1,VJNT,Other Scheme,Farmer,208690361754,90228,0
7522,1,1,1,General,Post Matric Scholarship,Pensioner,414837828465,37027,1
3239,1,1,1,SC,Post Matric Scholarship,Student,273678579548,188991,0
2905,1,1,1,OBC,Post Matric Scholarship,Student,809989099138,44548,1
9924,0,1,0,ST,Other Scheme,Pensioner,836564536448,75476,0
5344,0,1,0,ST,Pre Matric Scholarship,Student,986194474793,193453,1
2665,0,0,0,ST,Post Matric Scholarship,Farmer,151814616364,132380,0
5790,0,1,0,General,Pre Matric Scholarship,Pensioner,576097343182,166012,1
8427,1,0,1,VJNT,Other Scheme,Worker,977561270751,167947,1
7637,0,0,0,OBC,Post Matric Scholarship,Farmer,608203669779,180653,1
7883,1,1,1,ST,Post Matric Scholarship,Farmer,830056054783,94726,0
6664,0,1,0,ST,Post Matric Scholarship,Farmer,424982001441,129164,0
2819,0,1,0,SC,Pre Matric Scholarship,Pensioner,150261797382,322,1
8956,1,1,0,General,Other Scheme,Worker,102447867172,165057,1
8635,1,1,1,ST,Pre Matric Scholarship,Student,512003512768,189786,0
8153,1,0,1,General,Other Scheme,Farmer,614131568381,127907,1
5623,1,1,1,General,Other Scheme,Farmer,866629870301,167807,1
9748,1,1,1,General,Other Scheme,Pensioner,431353390683,11907,0
2992,0,1,0,SC,Pre Matric Scholarship,Pensioner,213429735532,147217,1
3481,1,1,0,OBC,Other Scheme,Pensioner,862184295295,196868,0
8696,1,1,0,General,Other Scheme,Farmer,484425129792,111265,1
565,0,0,0,SC,Post Matric Scholarship,Student,476117131584,90371,0
52,1,1,1,VJNT,Other Scheme,Pensioner,925330251920,2663,0
2703,1,0,0,General,Post Matric Scholarship,Student,523581833254,80829,0
2699,0,1,0,ST,Pre Matric Scholarship,Farmer,198568365964,121493,1
1504,0,0,1,OBC,Pre Matric Scholarship,Worker,478028249800,97891,0
6423,0,1,1,VJNT,Post Matric Scholarship,Farmer,321967126241,85418,1
9059,0,1,0,OBC,Pre Matric Scholarship,Worker,802979553445,183817,1
6312,1,1,1,General,Other Scheme,Pensioner,214962210598,95054,0
9869,0,1,1,ST,Other Scheme,Worker,662269066694,149430,0
1586,1,1,0,ST,Post Matric Scholarship,Worker,738150933377,108597,1
8132,1,1,1,OBC,Pre Matric Scholarship,Pensioner,897676373425,2147,1
1325,0,1,1,ST,Other Scheme,Pensioner,926561653511,119599,0
2776,1,1,1,ST,Other Scheme,Pensioner,256884956733,89068,0
9257,0,1,1,VJNT,Pre Matric Scholarship,Farmer,325961595258,66228,1
5907,0,1,0,OBC,Post Matric Scholarship,Pensioner,463332743925,45971,1
8380,0,1,1,ST,Post Matric Scholarship,Worker,141197787580,154223,0
1390,1,1,0,OBC,Post Matric Scholarship,Pensioner,791992485917,158493,0
1414,0,1,1,OBC,Post Matric Scholarship,Student,917798733359,63834,0
5654,0,0,0,VJNT,Pre Matric Scholarship,Student,942495780754,164404,0
8649,1,1,1,VJNT,Other Scheme,Worker,934173869293,88623,1
5256,1,1,1,VJNT,Pre Matric Scholarship,Student,267826560435,59849,0
1523,1,0,0,VJNT,Other Scheme,Farmer,446161178688,126139,0
161,0,1,0,General,Post Matric Scholarship,Farmer,500615504199,24447,1
9026,0,1,0,OBC,Pre Matric Scholarship,Worker,779065286512,96083,1
8308,0,1,0,General,Pre Matric Scholarship,Farmer,658556705869,91588,1
7811,1,1,0,VJNT,Post Matric Scholarship,Student,730919087135,134501,1
6957,0,1,1,ST,Pre Matric Scholarship,Pensioner,876509742773,80884,1
229,1,0,1,OBC,Other Scheme,Worker,635089930095,170141,1
3875,1,1,1,General,Post Matric Scholarship,Worker,709302467619,74861,0
7029,1,0,1,SC,Pre Matric Scholarship,Farmer,126613780173,46795,1
4120,0,1,1,ST,Post Matric Scholarship,Worker,666782708296,31248,0
6976,0,1,1,SC,Pre Matric Scholarship,Student,647437904677,169977,0
3125,1,0,0,SC,Post Matric Scholarship,Student,692845162568,32809,0
1658,0,0,0,OBC,Pre Matric Scholarship,Student,461631403410,10160,1
8334,1,0,1,OBC,Post Matric Scholarship,Pensioner,470900190441,43451,0
4064,1,1,0,ST,Post Matric Scholarship,Farmer,161239872710,99599,1
2957,1,0,1,General,Other Scheme,Student,120400345589,111608,1
4558,0,1,0,SC,Pre Matric Scholarship,Worker,975883699430,72750,1
4484,0,0,1,SC,Other Scheme,Student,496826527861,112730,0
8662,1,0,1,OBC,Pre Matric Scholarship,Worker,667651769554,64321,1
7357,0,1,1,OBC,Pre Matric Scholarship,Worker,891361745562,152024,1
6601,1,1,1,ST,Pre Matric Scholarship,Student,712361607070,104087,1
3145,0,0,1,VJNT,Pre Matric Scholarship,Worker,235181807832,134629,0
4569,0,0,0,SC,Pre Matric Scholarship,Pensioner,571535104428,6491,1
6674,0,1,1,General,Post Matric Scholarship,Farmer,481903800260,118036,0
3487,0,1,0,SC,Other Scheme,Student,684928923734,59031,1
1172,0,1,0,ST,Pre Matric Scholarship,Worker,965675915453,16256,1
3063,0,1,1,OBC,Post Matric Scholarship,Pensioner,198348672960,124439,0
5043,0,0,0,ST,Pre Matric Scholarship,Farmer,831719193591,124641,1
111,1,0,1,ST,Pre Matric Scholarship,Worker,596191359070,55391,1
3294,0,0,0,SC,Pre Matric Scholarship,Worker,759809740020,30287,0
5049,1,1,0,OBC,Post Matric Scholarship,Farmer,922607555525,23712,0
3459,0,1,0,ST,Other Scheme,Pensioner,739380906875,184291,1
4275,1,0,0,VJNT,Post Matric Scholarship,Worker,573122015377,85803,0
2159,0,0,0,VJNT,Pre Matric Scholarship,Pensioner,698110969140,49602,0
9637,1,1,0,ST,Post Matric Scholarship,Pensioner,726983321992,133178,0
5303,1,0,0,ST,Post Matric Scholarship,Worker,596465055961,44818,1
4557,0,0,1,OBC,Pre Matric Scholarship,Pensioner,199675189230,48290,1
9883,1,0,1,SC,Pre Matric Scholarship,Student,139432503708,165980,0
4285,0,0,0,General,Other Scheme,Student,501935087413,182035,0
280,1,1,1,OBC,Other Scheme,Student,247172642866,54908,0
3826,1,0,1,OBC,Pre Matric Scholarship,Farmer,232182949409,94174,0
4552,1,1,0,VJNT,Post Matric Scholarship,Student,375775070137,162693,1
9410,1,0,0,ST,Other Scheme,Worker,999086299099,71863,0
8282,0,1,1,VJNT,Pre Matric Scholarship,Student,473208397432,171106,0
9896,0,1,0,OBC,Pre Matric Scholarship,Pensioner,108744335091,142734,0
8185,1,0,1,General,Other Scheme,Pensioner,872122190427,180021,1
5821,0,1,1,General,Pre Matric Scholarship,Farmer,748969296074,139970,1
4590,0,0,1,ST,Pre Matric Scholarship,Worker,327620074528,6313,0
5287,1,1,1,VJNT,Post Matric Scholarship,Student,684984028808,192180,0
2341,0,0,1,VJNT,Other Scheme,Worker,483198598369,150666,0
3035,1,0,1,OBC,Post Matric Scholarship,Pensioner,666620150600,194909,1
1886,0,1,0,General,Pre Matric Scholarship,Worker,406430216310,144324,0
3827,0,1,1,VJNT,Pre Matric Scholarship,Pensioner,138671409595,37896,1
6427,1,1,0,General,Pre Matric Scholarship,Student,746162389282,150709,0
3541,1,0,0,General,Post Matric Scholarship,Pensioner,465135625287,151214,0
3873,1,0,0,General,Pre Matric Scholarship,Worker,909846777816,187118,0
2205,0,1,0,ST,Other Scheme,Student,400285333610,138839,0
8867,1,1,0,SC,Pre Matric Scholarship,Pensioner,345573576571,151355,0
364,0,1,1,SC,Pre Matric Scholarship,Worker,594440637113,29570,1
9314,1,0,1,General,Other Scheme,Pensioner,333601472358,48036,0
1288,0,0,1,SC,Post Matric Scholarship,Student,879667028303,64131,1
7998,0,1,0,General,Other Scheme,Farmer,746459225274,55389,1
6892,1,1,1,SC,Other Scheme,Worker,686946062160,83445,0
7902,0,1,0,General,Pre Matric Scholarship,Pensioner,425825418388,169024,1
8091,1,0,1,OBC,Post Matric Scholarship,Pensioner,199279065734,160179,0
6142,0,0,0,SC,Other Scheme,Worker,965015390917,85533,0
6165,1,1,0,VJNT,Other Scheme,Worker,376412800932,187161,0
5482,1,1,1,General,Pre Matric Scholarship,Pensioner,762786275833,142693,1
4045,1,1,1,OBC,Pre Matric Scholarship,Farmer,888777504917,157236,0
9978,1,0,1,SC,Other Scheme,Farmer,810427602471,192412,0
7479,1,0,0,SC,Post Matric Scholarship,Farmer,549481051094,74188,1
5903,0,0,1,ST,Pre Matric Scholarship,Worker,956412164084,123863,0
6202,0,1,0,SC,Post Matric Scholarship,Pensioner,938548408358,134017,0
5496,0,1,1,OBC,Pre Matric Scholarship,Worker,930465779410,108117,0
1337,1,0,1,ST,Pre Matric Scholarship,Student,287242055828,190824,0
273,1,1,0,General,Pre Matric Scholarship,Pensioner,379060905423,83508,0
7241,1,1,0,ST,Post Matric Scholarship,Pensioner,262569859481,99187,1
365,0,0,1,VJNT,Other Scheme,Worker,961245092838,160244,0
5491,0,1,1,SC,Other Scheme,Student,566866384369,50851,0
3188,0,0,0,SC,Pre Matric Scholarship,Worker,106199693114,187887,1
7422,1,1,1,OBC,Post Matric Scholarship,Farmer,481022938196,12896,0
5609,1,0,0,SC,Other Scheme,Pensioner,825566741298,109618,0
1664,1,1,0,SC,Other Scheme,Student,475037198026,52491,1
228,0,0,1,ST,Pre Matric Scholarship,Pensioner,217817870741,198490,0
1302,0,0,0,VJNT,Pre Matric Scholarship,Farmer,566129519660,155388,1
6374,0,0,0,VJNT,Pre Matric Scholarship,Farmer,799084683277,83636,1
4912,1,0,0,SC,Other Scheme,Worker,810805975081,32692,0
6950,1,0,1,SC,Post Matric Scholarship,Pensioner,715076119234,140654,0
1781,1,1,0,VJNT,Post Matric Scholarship,Worker,925383272967,175577,0
1892,1,0,0,VJNT,Other Scheme,Student,185181588989,21822,0
9450,0,0,1,ST,Other Scheme,Pensioner,945185608118,116057,0
1985,1,1,1,OBC,Other Scheme,Farmer,265953436327,87624,1
9929,0,0,1,OBC,Post Matric Scholarship,Farmer,217039442540,177621,0
3750,1,1,1,VJNT,Pre Matric Scholarship,Pensioner,980052228200,10528,0
7302,1,1,1,OBC,Post Matric Scholarship,Farmer,876202212834,118949,0
9004,0,1,1,SC,Post Matric Scholarship,Worker,682855538878,95609,0
1576,1,0,0,ST,Post Matric Scholarship,Worker,943082526271,16099,1
2011,0,0,0,VJNT,Pre Matric Scholarship,Pensioner,222401468244,147777,1
2211,1,1,1,VJNT,Other Scheme,Worker,543208924757,12052,0
537,1,0,0,ST,Pre Matric Scholarship,Student,559195355473,41428,0
2777,0,1,1,SC,Pre Matric Scholarship,Pensioner,561964369304,185186,0
4554,1,0,0,OBC,Pre Matric Scholarship,Worker,309628547535,60531,1
6423,0,1,0,ST,Pre Matric Scholarship,Worker,531618143200,97914,0
2074,0,1,1,OBC,Other Scheme,Worker,259817482714,128498,1
7284,0,0,1,General,Other Scheme,Pensioner,874461476759,61969,0
5143,0,1,0,ST,Other Scheme,Pensioner,947807595669,188816,0
5092,1,0,0,General,Pre Matric Scholarship,Worker,632679311320,101690,0
798,1,1,1,VJNT,Pre Matric Scholarship,Farmer,356553729782,77646,0
4064,1,0,0,General,Post Matric Scholarship,Worker,237189633393,176845,1
9599,1,1,1,VJNT,Post Matric Scholarship,Pensioner,681549115529,103708,1
3095,1,0,1,ST,Pre Matric Scholarship,Farmer,274707424709,197743,0
4137,0,1,1,General,Pre Matric Scholarship,Student,871716805657,169437,0
1730,1,1,0,VJNT,Post Matric Scholarship,Worker,821674369832,136756,1
2757,0,1,0,OBC,Post Matric Scholarship,Student,418174135363,97193,0
7984,0,1,0,VJNT,Other Scheme,Worker,882256382714,106706,1
6432,1,1,0,OBC,Post Matric Scholarship,Farmer,160458017621,65997,1
8736,0,0,1,ST,Post Matric Scholarship,Worker,840085794244,48979,1
2357,1,1,0,VJNT,Pre Matric Scholarship,Worker,512430265714,190216,1
2877,0,1,0,SC,Post Matric Scholarship,Worker,972161148209,92092,1
4199,1,1,0,General,Other Scheme,Worker,627076567441,146056,0
8626,0,0,0,General,Other Scheme,Pensioner,630293690185,3343,1
8898,0,0,1,OBC,Pre Matric Scholarship,Student,776534467885,5870,0
